               epoch,      train/box_loss,      train/obj_loss,      train/cls_loss,   metrics/precision,      metrics/recall,     metrics/mAP_0.5,metrics/mAP_0.5:0.95,        val/box_loss,        val/obj_loss,        val/cls_loss,               x/lr0,               x/lr1,               x/lr2
                   0,             0.12322,            0.018995,            0.097195,                   0,                   0,                   0,                   0,             0.10125,            0.015397,            0.089768,            0.070526,           0.0032749,           0.0032749
                   1,            0.086671,            0.018405,            0.088041,          0.00012507,           0.0033833,          8.4629e-05,          1.6988e-05,            0.086167,            0.017757,            0.087111,            0.040505,           0.0065864,           0.0065864
                   2,            0.070908,             0.01966,            0.086913,           0.0028458,             0.31921,            0.004509,            0.001294,            0.077598,             0.01616,            0.085807,            0.010461,           0.0098759,           0.0098759
                   3,            0.063273,            0.018059,            0.085017,           0.0026244,             0.52745,             0.01089,           0.0038632,            0.057949,             0.01562,            0.084933,            0.009901,            0.009901,            0.009901
                   4,            0.057072,            0.015593,            0.084397,             0.55008,            0.076371,            0.022697,           0.0093774,            0.053208,            0.012807,            0.083921,            0.009901,            0.009901,            0.009901
                   5,            0.051521,            0.012258,            0.082586,             0.55694,             0.11238,            0.029188,            0.013681,            0.051337,            0.011954,            0.082869,            0.009868,            0.009868,            0.009868
                   6,            0.050581,            0.011934,            0.082204,               0.549,            0.089943,            0.029606,            0.013708,            0.041096,            0.011548,            0.082562,            0.009835,            0.009835,            0.009835
                   7,            0.046449,            0.011361,             0.08199,             0.62074,            0.073383,            0.035676,            0.020985,            0.042075,            0.010169,            0.082051,            0.009802,            0.009802,            0.009802
                   8,            0.047971,            0.010663,            0.081361,              0.5386,             0.11292,            0.041275,            0.021176,            0.042641,           0.0098317,            0.081575,            0.009769,            0.009769,            0.009769
                   9,            0.046488,            0.010019,            0.080914,             0.60709,            0.084307,            0.042918,            0.025544,            0.040426,           0.0094548,            0.081127,            0.009736,            0.009736,            0.009736
                  10,            0.044346,           0.0091583,            0.080115,             0.60401,            0.081457,            0.045994,            0.026536,            0.041608,           0.0084148,            0.080804,            0.009703,            0.009703,            0.009703
                  11,            0.043238,           0.0090876,            0.080483,             0.62762,            0.087072,            0.045089,            0.028778,            0.037736,           0.0082028,            0.080305,             0.00967,             0.00967,             0.00967
                  12,            0.040898,           0.0086847,            0.079456,             0.58437,            0.095611,            0.050985,            0.031209,            0.038028,           0.0078786,            0.079533,            0.009637,            0.009637,            0.009637
                  13,            0.040641,           0.0086508,            0.079378,             0.61464,             0.10194,            0.053335,            0.035026,            0.033752,           0.0075348,            0.078942,            0.009604,            0.009604,            0.009604
                  14,            0.040192,           0.0086786,            0.078668,             0.61159,            0.094813,            0.052642,             0.03162,            0.033009,           0.0073835,            0.078313,            0.009571,            0.009571,            0.009571
                  15,            0.040401,           0.0080223,            0.077785,             0.56675,             0.12622,            0.061435,            0.034514,            0.036095,           0.0071857,            0.076506,            0.009538,            0.009538,            0.009538
                  16,            0.038892,           0.0077965,            0.076193,             0.59231,              0.1129,             0.05937,            0.035346,            0.034675,           0.0071411,            0.075727,            0.009505,            0.009505,            0.009505
                  17,            0.038597,           0.0078093,            0.074379,             0.54733,             0.12098,              0.0688,            0.040417,            0.033522,           0.0071214,            0.074711,            0.009472,            0.009472,            0.009472
                  18,            0.039241,           0.0077162,            0.075353,             0.54757,             0.10625,            0.073034,            0.044792,            0.031178,           0.0069032,            0.073496,            0.009439,            0.009439,            0.009439
                  19,            0.037715,             0.00749,            0.072033,             0.61772,              0.1207,            0.080945,            0.048867,            0.031609,           0.0068363,            0.072821,            0.009406,            0.009406,            0.009406
                  20,            0.036277,           0.0072228,            0.071819,              0.5979,             0.12411,            0.083995,            0.054312,            0.034261,           0.0065225,            0.071871,            0.009373,            0.009373,            0.009373
                  21,            0.037008,           0.0073538,            0.070825,             0.62027,             0.13539,            0.086555,            0.054015,            0.032261,           0.0064421,            0.071177,             0.00934,             0.00934,             0.00934
                  22,            0.035726,           0.0068103,            0.070989,             0.60408,             0.12795,            0.090038,             0.05587,            0.031979,           0.0066288,            0.070347,            0.009307,            0.009307,            0.009307
                  23,            0.036363,           0.0073279,            0.069601,             0.62473,             0.14302,            0.093556,             0.05607,            0.033625,           0.0063381,            0.069557,            0.009274,            0.009274,            0.009274
                  24,            0.035825,           0.0071857,            0.071083,             0.60751,             0.13155,             0.10071,            0.056624,            0.030073,           0.0064941,            0.069201,            0.009241,            0.009241,            0.009241
                  25,            0.035229,           0.0070247,            0.070539,             0.58034,             0.15194,             0.10601,             0.06302,            0.028404,            0.006393,            0.068124,            0.009208,            0.009208,            0.009208
                  26,             0.03504,            0.006702,            0.067751,             0.63335,             0.15961,             0.11492,            0.072204,             0.02967,           0.0062241,            0.067251,            0.009175,            0.009175,            0.009175
                  27,            0.036032,            0.006958,            0.068413,             0.69141,             0.13883,             0.11779,             0.06919,            0.029575,           0.0062151,            0.066016,            0.009142,            0.009142,            0.009142
                  28,            0.034842,           0.0069461,            0.065031,             0.70784,             0.14586,             0.12358,             0.07756,             0.03231,           0.0061653,            0.064782,            0.009109,            0.009109,            0.009109
                  29,            0.036354,            0.006971,            0.065296,             0.71174,             0.14682,              0.1224,            0.081781,             0.02915,           0.0062516,            0.064564,            0.009076,            0.009076,            0.009076
                  30,             0.03543,           0.0066931,            0.064834,             0.72038,              0.1698,             0.12415,            0.081698,            0.028167,           0.0060416,            0.063187,            0.009043,            0.009043,            0.009043
                  31,            0.035015,           0.0066829,             0.06413,             0.69876,             0.17437,             0.12708,            0.081779,            0.029365,           0.0061665,            0.063058,             0.00901,             0.00901,             0.00901
                  32,            0.034342,           0.0067923,            0.063807,             0.68452,              0.1769,             0.12759,            0.088117,            0.026985,           0.0061196,            0.061866,            0.008977,            0.008977,            0.008977
                  33,            0.035266,           0.0066051,            0.063097,             0.69287,             0.17942,             0.13525,            0.091305,            0.029962,           0.0059051,            0.060909,            0.008944,            0.008944,            0.008944
                  34,            0.034901,           0.0066852,            0.062086,             0.65744,             0.19393,             0.13242,            0.087734,            0.029046,           0.0059463,            0.059875,            0.008911,            0.008911,            0.008911
                  35,            0.033299,           0.0067145,            0.061862,             0.64056,             0.20145,             0.13312,            0.091111,            0.026482,           0.0058752,            0.059117,            0.008878,            0.008878,            0.008878
                  36,            0.034041,            0.006412,            0.060924,             0.63091,              0.2109,              0.1368,            0.092139,            0.027292,           0.0057219,            0.059004,            0.008845,            0.008845,            0.008845
                  37,            0.033206,           0.0063897,             0.05975,             0.62966,             0.21769,             0.13765,            0.096507,            0.027278,           0.0056872,            0.058349,            0.008812,            0.008812,            0.008812
                  38,            0.031711,           0.0063466,            0.059597,             0.66161,             0.21716,             0.14081,            0.097091,            0.026174,           0.0056671,            0.058182,            0.008779,            0.008779,            0.008779
                  39,            0.032981,            0.006204,            0.059208,             0.63666,              0.2614,             0.14528,             0.10221,            0.028101,           0.0055687,            0.057682,            0.008746,            0.008746,            0.008746
                  40,            0.032453,           0.0065917,            0.059373,             0.65042,             0.21927,             0.14225,             0.09859,            0.025297,           0.0055701,            0.057783,            0.008713,            0.008713,            0.008713
                  41,            0.031844,           0.0060005,             0.05866,             0.63621,             0.29853,             0.14408,             0.10057,            0.030811,           0.0057044,            0.057146,             0.00868,             0.00868,             0.00868
                  42,             0.03414,           0.0064442,            0.059355,             0.64318,             0.23411,             0.13748,            0.092515,            0.027059,           0.0058516,            0.057224,            0.008647,            0.008647,            0.008647
                  43,            0.030886,            0.006561,            0.058603,             0.66253,             0.20109,             0.14173,            0.094253,            0.026837,           0.0057006,            0.056941,            0.008614,            0.008614,            0.008614
                  44,            0.031695,            0.006424,            0.055464,             0.64234,             0.25275,             0.14602,             0.10103,            0.025693,           0.0056423,            0.056739,            0.008581,            0.008581,            0.008581
                  45,            0.031826,           0.0062601,            0.060392,             0.64979,             0.29407,             0.14854,             0.10172,             0.02722,           0.0057323,            0.056491,            0.008548,            0.008548,            0.008548
                  46,            0.031338,           0.0061031,            0.057493,             0.66743,             0.25844,             0.14836,            0.095414,            0.025781,           0.0055086,            0.056159,            0.008515,            0.008515,            0.008515
                  47,            0.032368,           0.0064542,            0.056329,             0.64503,             0.27344,             0.15544,             0.10589,            0.026444,           0.0055885,             0.05626,            0.008482,            0.008482,            0.008482
                  48,            0.030067,            0.006007,            0.053834,             0.64769,             0.27359,             0.15509,             0.11122,            0.026733,           0.0054075,              0.0554,            0.008449,            0.008449,            0.008449
                  49,            0.031339,           0.0060221,             0.05548,             0.65465,              0.2798,             0.15642,             0.11347,            0.025925,           0.0052117,            0.055608,            0.008416,            0.008416,            0.008416
                  50,            0.031377,           0.0059436,            0.056164,             0.62313,             0.27398,             0.15847,             0.11083,            0.027196,           0.0053917,            0.055233,            0.008383,            0.008383,            0.008383
                  51,            0.031315,           0.0055979,            0.056316,             0.68774,             0.24437,             0.16208,              0.1112,            0.028442,           0.0052558,            0.055221,             0.00835,             0.00835,             0.00835
                  52,            0.031408,             0.00593,            0.056242,             0.65502,             0.26576,             0.16428,             0.11302,            0.025937,           0.0053233,            0.054737,            0.008317,            0.008317,            0.008317
                  53,            0.031165,            0.005971,            0.056084,             0.71159,             0.23912,             0.16826,             0.11794,            0.024104,           0.0052048,            0.054527,            0.008284,            0.008284,            0.008284
                  54,            0.030338,           0.0059003,            0.056459,             0.55666,             0.30745,             0.17104,             0.12035,            0.024559,           0.0052252,            0.054009,            0.008251,            0.008251,            0.008251
                  55,            0.030791,            0.005774,            0.054088,             0.71576,             0.24494,             0.17002,             0.12163,            0.026396,           0.0051206,            0.053506,            0.008218,            0.008218,            0.008218
                  56,            0.031849,           0.0058451,            0.055867,             0.65718,              0.2684,             0.17309,             0.12129,            0.024013,           0.0052568,            0.053696,            0.008185,            0.008185,            0.008185
                  57,            0.030429,           0.0058898,            0.054692,             0.61721,             0.29831,              0.1851,             0.12552,            0.025993,           0.0052408,            0.053517,            0.008152,            0.008152,            0.008152
                  58,             0.03021,           0.0056419,            0.053406,               0.628,             0.27906,             0.18212,             0.13029,            0.024485,           0.0051892,            0.052941,            0.008119,            0.008119,            0.008119
                  59,            0.028479,           0.0057931,            0.053587,             0.60961,             0.32004,             0.18966,             0.13294,            0.026096,           0.0050836,            0.052462,            0.008086,            0.008086,            0.008086
                  60,            0.029669,           0.0056744,            0.052983,             0.60352,             0.31328,               0.182,             0.12612,            0.026768,           0.0052415,            0.052283,            0.008053,            0.008053,            0.008053
                  61,            0.029385,           0.0058112,            0.052693,             0.58846,             0.30686,             0.19094,             0.13024,            0.024489,           0.0051314,            0.051877,             0.00802,             0.00802,             0.00802
                  62,            0.030244,            0.005616,            0.054018,             0.58029,             0.32919,             0.19623,             0.13856,            0.023676,           0.0050231,            0.052295,            0.007987,            0.007987,            0.007987
                  63,            0.028536,           0.0055199,            0.051205,             0.57681,             0.34871,             0.20846,             0.14668,            0.024575,           0.0051351,            0.051608,            0.007954,            0.007954,            0.007954
                  64,            0.029162,           0.0055424,            0.052908,             0.57178,             0.34764,              0.2025,             0.14425,            0.026513,           0.0050045,            0.051195,            0.007921,            0.007921,            0.007921
                  65,            0.029449,           0.0057771,            0.052097,             0.59346,             0.35099,             0.21106,             0.15271,            0.023463,           0.0049903,            0.051117,            0.007888,            0.007888,            0.007888
                  66,            0.028605,           0.0053539,            0.053823,              0.6142,             0.34387,             0.21616,             0.15573,             0.02314,           0.0049848,            0.050927,            0.007855,            0.007855,            0.007855
                  67,            0.029192,            0.005539,            0.053706,             0.63666,             0.34183,              0.2183,             0.15968,             0.02316,           0.0048618,            0.050689,            0.007822,            0.007822,            0.007822
                  68,            0.029394,           0.0057609,            0.050258,             0.57017,             0.35896,             0.21693,             0.15151,            0.023931,           0.0050295,            0.050334,            0.007789,            0.007789,            0.007789
                  69,            0.029943,           0.0055362,            0.051161,             0.63509,             0.33882,             0.23023,             0.16827,            0.021969,           0.0049638,            0.050411,            0.007756,            0.007756,            0.007756
                  70,            0.027926,           0.0056094,            0.051211,             0.63596,             0.34813,             0.23599,             0.16147,            0.022969,           0.0049491,             0.05005,            0.007723,            0.007723,            0.007723
                  71,            0.029301,           0.0055962,              0.0487,             0.66026,             0.31846,             0.23629,             0.16946,            0.024717,           0.0047759,              0.0499,             0.00769,             0.00769,             0.00769
                  72,            0.030053,            0.005412,            0.051455,             0.64759,             0.31754,             0.23393,             0.16143,            0.025333,           0.0048212,            0.050025,            0.007657,            0.007657,            0.007657
                  73,            0.029973,           0.0053396,            0.050938,             0.65598,             0.32911,             0.23568,             0.17327,            0.022197,           0.0047668,            0.049615,            0.007624,            0.007624,            0.007624
                  74,            0.027562,           0.0055699,             0.05105,             0.67507,             0.32988,             0.24302,             0.17693,            0.022335,           0.0047612,            0.048885,            0.007591,            0.007591,            0.007591
                  75,            0.028901,           0.0052348,            0.049492,             0.65072,             0.32116,             0.24712,             0.17795,             0.02464,           0.0047466,            0.048541,            0.007558,            0.007558,            0.007558
                  76,            0.027889,           0.0054813,            0.049493,             0.62482,             0.36522,             0.24721,             0.18194,            0.021838,           0.0048467,            0.048687,            0.007525,            0.007525,            0.007525
                  77,            0.027971,            0.005498,            0.049119,              0.6538,             0.33525,              0.2459,             0.18458,             0.02426,           0.0046922,            0.048092,            0.007492,            0.007492,            0.007492
                  78,            0.028225,           0.0054125,            0.049378,             0.66398,             0.34165,             0.25189,             0.18336,            0.022981,           0.0046896,            0.048021,            0.007459,            0.007459,            0.007459
                  79,            0.027916,            0.005168,            0.049642,             0.69213,             0.31357,             0.25475,             0.18885,             0.02223,           0.0047387,            0.047682,            0.007426,            0.007426,            0.007426
                  80,             0.02756,           0.0054191,            0.048855,             0.65716,             0.33523,             0.25593,             0.18038,            0.023121,            0.004728,            0.048062,            0.007393,            0.007393,            0.007393
                  81,            0.027734,            0.005329,            0.046275,             0.67158,             0.33169,             0.26785,             0.19529,            0.022326,           0.0047251,            0.047511,             0.00736,             0.00736,             0.00736
                  82,             0.02795,           0.0055929,            0.047098,             0.66148,             0.33976,             0.25488,             0.18513,            0.023008,            0.004667,            0.047233,            0.007327,            0.007327,            0.007327
                  83,            0.026984,           0.0053457,            0.047879,             0.68117,             0.33977,             0.27789,             0.19868,            0.021361,           0.0047338,            0.046921,            0.007294,            0.007294,            0.007294
                  84,            0.027061,           0.0050032,            0.047176,             0.66908,             0.36597,             0.27768,             0.20256,            0.021712,           0.0046664,            0.046767,            0.007261,            0.007261,            0.007261
                  85,            0.027303,            0.005196,            0.048612,             0.68633,             0.34579,             0.28381,             0.20399,            0.022297,           0.0046648,            0.046562,            0.007228,            0.007228,            0.007228
                  86,              0.0265,           0.0052836,            0.048527,             0.58965,             0.40896,             0.28449,              0.2124,             0.02176,           0.0045338,            0.046508,            0.007195,            0.007195,            0.007195
                  87,            0.026963,           0.0051192,             0.04722,             0.67378,              0.3411,             0.29031,             0.20223,            0.022772,           0.0046642,            0.045911,            0.007162,            0.007162,            0.007162
                  88,            0.026562,           0.0051402,            0.045375,             0.64845,              0.3755,             0.28612,             0.21241,            0.021562,           0.0046128,              0.0457,            0.007129,            0.007129,            0.007129
                  89,            0.028118,           0.0050966,            0.046936,             0.59298,             0.40099,              0.2864,             0.21192,            0.021963,           0.0046317,            0.045659,            0.007096,            0.007096,            0.007096
                  90,            0.027029,           0.0055023,            0.045851,             0.53939,             0.42362,             0.30063,             0.22306,             0.02189,            0.004584,            0.045207,            0.007063,            0.007063,            0.007063
                  91,            0.026677,           0.0051403,            0.045066,             0.62751,             0.37016,             0.30004,             0.21281,            0.021823,            0.004599,            0.045181,             0.00703,             0.00703,             0.00703
                  92,            0.025245,           0.0052924,            0.044611,             0.68765,             0.36034,             0.30611,             0.22468,            0.020506,           0.0045506,            0.044982,            0.006997,            0.006997,            0.006997
                  93,            0.026893,           0.0053991,            0.047112,             0.66819,             0.36442,             0.31293,              0.2317,            0.020343,           0.0045921,            0.044669,            0.006964,            0.006964,            0.006964
                  94,              0.0256,           0.0050991,            0.046235,             0.67681,             0.36016,             0.32181,             0.23283,            0.021893,           0.0045349,            0.044133,            0.006931,            0.006931,            0.006931
                  95,            0.027571,           0.0050545,            0.043372,             0.68495,             0.37574,             0.32798,             0.24093,            0.022555,           0.0044495,            0.044088,            0.006898,            0.006898,            0.006898
                  96,            0.027288,           0.0053772,             0.04465,             0.72211,             0.35761,             0.33482,             0.24109,            0.022055,           0.0045307,             0.04358,            0.006865,            0.006865,            0.006865
                  97,            0.027997,           0.0051283,            0.043321,             0.66931,             0.36937,             0.31967,             0.23247,            0.023667,           0.0046839,            0.043503,            0.006832,            0.006832,            0.006832
                  98,            0.027358,           0.0052593,             0.04589,             0.68857,             0.36196,             0.33254,             0.25027,            0.021325,           0.0045369,            0.043296,            0.006799,            0.006799,            0.006799
                  99,            0.026481,           0.0050096,            0.042947,             0.72245,             0.34727,             0.33767,             0.25066,            0.023341,           0.0045198,            0.042755,            0.006766,            0.006766,            0.006766
                 100,            0.026852,           0.0052813,            0.044982,             0.70126,             0.35729,             0.34021,              0.2434,            0.021095,           0.0044982,            0.042439,            0.006733,            0.006733,            0.006733
                 101,            0.025933,           0.0051723,            0.044058,             0.73293,              0.3585,             0.35333,             0.26153,            0.020473,           0.0044485,            0.042472,              0.0067,              0.0067,              0.0067
                 102,            0.026624,           0.0049964,            0.042751,              0.7351,             0.36929,             0.35717,             0.26481,            0.020997,           0.0044688,            0.041841,            0.006667,            0.006667,            0.006667
                 103,            0.025721,           0.0051795,            0.042772,             0.74208,             0.34532,             0.34989,             0.25652,            0.020891,           0.0044933,            0.041639,            0.006634,            0.006634,            0.006634
                 104,            0.026969,           0.0053552,            0.042977,             0.75329,             0.34173,              0.3452,             0.25548,            0.021178,           0.0044844,            0.041927,            0.006601,            0.006601,            0.006601
                 105,            0.027337,           0.0051233,             0.04211,             0.75353,              0.3481,             0.36095,             0.26965,            0.021717,           0.0044656,            0.041621,            0.006568,            0.006568,            0.006568
                 106,            0.026943,           0.0049732,            0.042675,             0.71169,             0.37206,             0.35681,             0.26296,            0.020163,           0.0044626,            0.041275,            0.006535,            0.006535,            0.006535
                 107,             0.02506,           0.0049316,            0.042661,             0.69683,             0.37398,              0.3508,             0.26017,            0.020786,           0.0044024,            0.041186,            0.006502,            0.006502,            0.006502
                 108,            0.025935,           0.0051741,            0.043078,             0.71584,              0.3466,             0.36712,             0.27307,            0.020785,           0.0043428,            0.040575,            0.006469,            0.006469,            0.006469
                 109,            0.026289,           0.0049588,            0.041134,              0.7544,             0.35508,             0.36342,              0.2702,            0.022133,           0.0044869,            0.040159,            0.006436,            0.006436,            0.006436
                 110,            0.026382,           0.0052051,            0.041637,             0.75305,             0.36774,             0.36246,             0.26822,            0.020133,           0.0045111,            0.040383,            0.006403,            0.006403,            0.006403
                 111,            0.025962,           0.0047971,            0.039626,             0.73452,             0.37075,             0.36283,             0.25919,            0.021387,           0.0045276,            0.040243,             0.00637,             0.00637,             0.00637
                 112,            0.026188,           0.0051271,            0.041511,             0.73266,             0.36998,             0.37134,             0.27281,            0.020812,           0.0045056,            0.039842,            0.006337,            0.006337,            0.006337
                 113,            0.027043,           0.0050293,            0.039169,             0.73468,             0.36485,             0.36882,             0.27494,            0.021759,           0.0043724,            0.039498,            0.006304,            0.006304,            0.006304
                 114,            0.026986,           0.0050709,            0.039539,              0.7284,             0.36937,              0.3833,             0.28201,            0.021469,           0.0044698,            0.039217,            0.006271,            0.006271,            0.006271
                 115,             0.02689,           0.0048604,            0.041569,             0.70106,             0.36501,             0.37535,             0.27702,            0.021315,           0.0043851,             0.03911,            0.006238,            0.006238,            0.006238
                 116,            0.026921,           0.0049234,            0.041167,             0.69081,             0.39423,             0.37701,             0.27938,            0.021814,           0.0044061,            0.039128,            0.006205,            0.006205,            0.006205
                 117,            0.027284,           0.0050145,            0.042137,             0.73504,             0.40801,             0.39129,             0.29285,            0.021561,           0.0044246,            0.038883,            0.006172,            0.006172,            0.006172
                 118,            0.026378,           0.0048777,            0.040784,             0.65709,             0.42233,             0.38564,             0.28797,            0.020654,           0.0043564,            0.038212,            0.006139,            0.006139,            0.006139
                 119,            0.025646,           0.0049513,             0.03923,             0.72126,             0.38283,             0.38366,             0.28582,            0.019918,           0.0043496,            0.039198,            0.006106,            0.006106,            0.006106
                 120,            0.025044,            0.005217,            0.039927,             0.74818,             0.36478,             0.39186,             0.29389,            0.020922,           0.0044039,            0.038061,            0.006073,            0.006073,            0.006073
                 121,             0.02571,           0.0048462,            0.040012,             0.80103,             0.35135,             0.38882,             0.29031,             0.02018,           0.0042941,            0.038597,             0.00604,             0.00604,             0.00604
                 122,            0.024996,           0.0052628,            0.040392,             0.75324,             0.39093,             0.40281,             0.30414,            0.019651,           0.0043316,            0.037867,            0.006007,            0.006007,            0.006007
                 123,            0.025539,           0.0049648,            0.040477,             0.66002,             0.41049,             0.40133,             0.30083,            0.020562,           0.0043025,            0.038056,            0.005974,            0.005974,            0.005974
                 124,            0.024426,           0.0047182,             0.03832,             0.70836,             0.40426,             0.41101,             0.30182,            0.020787,            0.004397,            0.037293,            0.005941,            0.005941,            0.005941
                 125,            0.026244,           0.0050797,            0.038835,             0.64862,             0.44801,             0.40873,             0.30739,            0.020312,           0.0042788,            0.037611,            0.005908,            0.005908,            0.005908
                 126,            0.025951,            0.004994,            0.038266,             0.71942,             0.40031,             0.39709,              0.3036,            0.020048,           0.0042477,            0.037593,            0.005875,            0.005875,            0.005875
                 127,             0.02397,           0.0046122,            0.038718,             0.65872,             0.45404,             0.41789,             0.31749,            0.019855,           0.0042992,             0.03684,            0.005842,            0.005842,            0.005842
                 128,             0.02495,           0.0048662,            0.037148,             0.74565,             0.39708,             0.41654,              0.3139,            0.019887,           0.0043124,            0.036693,            0.005809,            0.005809,            0.005809
                 129,            0.025522,           0.0048823,            0.037589,             0.76592,             0.38093,               0.414,                0.31,            0.019432,           0.0043029,            0.036348,            0.005776,            0.005776,            0.005776
                 130,            0.024055,           0.0047162,            0.038152,             0.72748,             0.38737,             0.40886,              0.3087,            0.020262,           0.0042908,            0.036625,            0.005743,            0.005743,            0.005743
                 131,            0.024948,           0.0046792,            0.039202,             0.76079,             0.37763,             0.41544,             0.31757,            0.019975,           0.0042271,            0.036022,             0.00571,             0.00571,             0.00571
                 132,            0.024186,           0.0049133,            0.037528,             0.65078,             0.48124,             0.43806,             0.33638,            0.019421,            0.004143,            0.035899,            0.005677,            0.005677,            0.005677
                 133,            0.025752,           0.0048133,            0.039102,             0.77438,             0.38076,             0.42558,             0.32423,            0.020512,           0.0041976,            0.036298,            0.005644,            0.005644,            0.005644
                 134,            0.024876,           0.0048287,            0.037797,             0.63225,             0.45995,             0.43343,             0.32559,            0.018994,           0.0042313,            0.035924,            0.005611,            0.005611,            0.005611
                 135,              0.0247,           0.0050078,            0.036584,             0.66014,             0.46391,             0.43452,             0.33158,            0.019947,           0.0041854,            0.035723,            0.005578,            0.005578,            0.005578
                 136,            0.024921,           0.0049424,            0.037305,             0.65732,             0.44554,             0.43707,             0.32918,            0.019579,           0.0041932,            0.035287,            0.005545,            0.005545,            0.005545
                 137,            0.026462,            0.005093,            0.036072,             0.74277,             0.39754,             0.44562,             0.33579,            0.020166,           0.0042238,            0.034886,            0.005512,            0.005512,            0.005512
                 138,            0.024195,           0.0046473,            0.036105,             0.72827,             0.41414,             0.44473,             0.33236,            0.019547,           0.0041643,             0.03533,            0.005479,            0.005479,            0.005479
                 139,            0.025969,           0.0048092,            0.036642,             0.62737,             0.47078,             0.44499,             0.33646,            0.019246,           0.0041167,            0.034843,            0.005446,            0.005446,            0.005446
                 140,            0.023394,           0.0047407,            0.036533,              0.6277,              0.4785,             0.44386,             0.32815,            0.020433,            0.004236,            0.034712,            0.005413,            0.005413,            0.005413
                 141,            0.024617,           0.0049093,            0.037012,             0.69223,             0.45501,             0.45002,             0.34329,            0.019332,           0.0041144,            0.034401,             0.00538,             0.00538,             0.00538
                 142,            0.023704,            0.004595,            0.035573,             0.80539,               0.388,             0.45057,             0.34889,            0.018922,           0.0041209,             0.03413,            0.005347,            0.005347,            0.005347
                 143,            0.024453,           0.0049438,             0.03454,             0.70044,             0.44667,             0.46503,             0.35688,            0.019487,           0.0042118,            0.033598,            0.005314,            0.005314,            0.005314
                 144,            0.024418,            0.004809,             0.03434,             0.69862,             0.46157,             0.46613,             0.35436,            0.019076,           0.0041223,            0.033721,            0.005281,            0.005281,            0.005281
                 145,            0.023979,            0.004582,            0.035055,             0.72281,             0.44109,              0.4592,             0.34772,            0.019546,           0.0041709,            0.033739,            0.005248,            0.005248,            0.005248
                 146,             0.02437,           0.0045331,             0.03481,              0.7483,             0.44271,             0.46545,             0.36043,             0.01904,           0.0040304,            0.033781,            0.005215,            0.005215,            0.005215
                 147,             0.02469,           0.0046686,            0.036128,             0.74183,             0.44003,             0.46565,             0.35395,            0.018697,           0.0040945,            0.033586,            0.005182,            0.005182,            0.005182
                 148,            0.025207,           0.0049016,            0.035986,             0.71914,             0.45074,             0.46783,             0.35544,            0.020466,           0.0040993,            0.033441,            0.005149,            0.005149,            0.005149
                 149,            0.024115,           0.0047039,            0.033747,             0.76835,             0.44107,             0.47587,             0.36145,            0.019748,           0.0041364,            0.033166,            0.005116,            0.005116,            0.005116
                 150,            0.023996,           0.0045999,            0.036251,             0.77255,             0.42952,             0.46918,             0.35619,            0.019666,           0.0040593,            0.033805,            0.005083,            0.005083,            0.005083
                 151,            0.023914,            0.004723,            0.034224,             0.77681,             0.42479,             0.48294,             0.36548,            0.019449,           0.0040275,            0.032417,             0.00505,             0.00505,             0.00505
                 152,            0.024122,              0.0049,            0.036158,             0.75892,             0.45004,              0.4822,             0.36985,            0.019302,           0.0040641,            0.032598,            0.005017,            0.005017,            0.005017
                 153,            0.024336,           0.0047604,             0.03441,             0.76007,             0.44278,             0.48606,             0.36786,            0.019487,           0.0040548,            0.031849,            0.004984,            0.004984,            0.004984
                 154,            0.024191,           0.0046131,            0.034323,             0.65796,             0.50331,             0.48888,             0.37691,            0.018596,           0.0040353,            0.031979,            0.004951,            0.004951,            0.004951
                 155,             0.02296,           0.0046497,            0.033114,              0.6818,             0.47624,             0.49512,             0.38766,             0.01812,           0.0040268,             0.03149,            0.004918,            0.004918,            0.004918
                 156,            0.023885,            0.004536,            0.033793,              0.7641,             0.45571,             0.48932,             0.37381,            0.019465,           0.0039958,            0.031785,            0.004885,            0.004885,            0.004885
                 157,            0.023781,           0.0044726,            0.033623,             0.66415,             0.52395,             0.49456,             0.37786,            0.019027,           0.0040948,            0.032069,            0.004852,            0.004852,            0.004852
                 158,            0.023323,           0.0047812,            0.033835,             0.72199,             0.47662,             0.49192,             0.37676,            0.018621,           0.0040191,            0.031761,            0.004819,            0.004819,            0.004819
                 159,            0.023239,           0.0046638,            0.033747,             0.68478,             0.50697,             0.50084,             0.38409,            0.018755,           0.0040636,            0.031366,            0.004786,            0.004786,            0.004786
                 160,            0.024221,           0.0045518,             0.03283,             0.72079,             0.49703,             0.50477,             0.38583,            0.018783,           0.0040543,            0.031795,            0.004753,            0.004753,            0.004753
                 161,            0.022694,           0.0047115,            0.034017,             0.67477,             0.50387,             0.50864,             0.38786,             0.01924,            0.004073,            0.031071,             0.00472,             0.00472,             0.00472
                 162,            0.023815,           0.0046316,            0.033919,              0.7162,             0.49653,             0.50336,             0.38863,            0.018206,           0.0039798,            0.030909,            0.004687,            0.004687,            0.004687
                 163,            0.024626,           0.0046399,            0.032318,             0.72752,             0.48679,             0.50638,             0.38902,            0.018427,            0.003992,            0.030971,            0.004654,            0.004654,            0.004654
                 164,            0.022868,           0.0045849,            0.035018,             0.73933,              0.4943,             0.51151,             0.40102,            0.018199,           0.0040353,            0.031051,            0.004621,            0.004621,            0.004621
                 165,             0.02349,           0.0047116,             0.03276,             0.74041,              0.5059,             0.51961,             0.39974,            0.019794,           0.0041093,             0.03061,            0.004588,            0.004588,            0.004588
                 166,            0.023227,           0.0046028,            0.031612,             0.73989,             0.49295,             0.51045,             0.39478,            0.018234,           0.0040098,            0.030649,            0.004555,            0.004555,            0.004555
                 167,            0.023271,           0.0044048,            0.032713,             0.74358,             0.48475,             0.51561,             0.39423,            0.018553,           0.0039616,            0.030263,            0.004522,            0.004522,            0.004522
                 168,            0.022322,           0.0043567,            0.030231,             0.76969,             0.48379,              0.5279,             0.40687,            0.018837,           0.0039056,            0.030117,            0.004489,            0.004489,            0.004489
                 169,            0.023532,           0.0045715,            0.032663,             0.74027,             0.49419,             0.52739,             0.40425,            0.018275,           0.0039275,            0.029895,            0.004456,            0.004456,            0.004456
                 170,            0.022978,           0.0043793,            0.030883,             0.74256,             0.48848,             0.52974,             0.40327,             0.01836,           0.0039543,            0.029806,            0.004423,            0.004423,            0.004423
                 171,            0.022684,           0.0044014,            0.032309,             0.73659,             0.49845,             0.53885,              0.4191,            0.018021,           0.0040142,            0.029282,             0.00439,             0.00439,             0.00439
                 172,            0.022214,           0.0045859,             0.03155,             0.76755,              0.4791,             0.53525,             0.41443,            0.018684,           0.0039772,            0.029377,            0.004357,            0.004357,            0.004357
                 173,            0.023033,           0.0045605,            0.031508,              0.7791,             0.49724,             0.54531,             0.42578,            0.018429,           0.0039155,            0.028839,            0.004324,            0.004324,            0.004324
                 174,            0.022362,           0.0040667,            0.030302,             0.71174,             0.50757,             0.54347,             0.42136,            0.018304,           0.0038948,            0.028695,            0.004291,            0.004291,            0.004291
                 175,            0.022458,           0.0045006,             0.03111,             0.75548,               0.494,              0.5517,             0.43432,             0.01856,           0.0039325,            0.028457,            0.004258,            0.004258,            0.004258
                 176,            0.022896,           0.0045512,            0.030996,             0.79321,             0.49467,             0.55196,             0.42954,            0.018637,           0.0039446,            0.028471,            0.004225,            0.004225,            0.004225
                 177,            0.023145,           0.0044844,            0.029404,             0.77621,              0.4984,             0.55794,             0.43057,            0.018386,           0.0039004,            0.028364,            0.004192,            0.004192,            0.004192
                 178,            0.022503,           0.0043543,             0.03007,             0.69084,             0.50544,             0.55242,             0.42664,            0.018203,           0.0039926,            0.028203,            0.004159,            0.004159,            0.004159
                 179,            0.022458,           0.0045393,             0.02951,             0.78293,             0.50224,             0.56612,             0.44142,            0.018298,           0.0039319,            0.027975,            0.004126,            0.004126,            0.004126
                 180,            0.021874,           0.0043873,            0.031214,             0.76261,             0.51461,             0.55961,             0.43805,            0.017891,           0.0039299,            0.028031,            0.004093,            0.004093,            0.004093
                 181,            0.022449,            0.004529,            0.030396,             0.75763,             0.50268,             0.55616,             0.43417,            0.017978,           0.0038526,            0.027669,             0.00406,             0.00406,             0.00406
                 182,            0.021893,           0.0044483,            0.029482,             0.73112,             0.52756,             0.56113,             0.43452,            0.018206,           0.0039119,            0.027253,            0.004027,            0.004027,            0.004027
                 183,            0.022153,           0.0043963,             0.02932,             0.78081,             0.50035,              0.5679,             0.44874,            0.017593,           0.0039239,            0.027192,            0.003994,            0.003994,            0.003994
                 184,            0.022479,           0.0045413,            0.028808,             0.64545,             0.57132,             0.58574,             0.44837,            0.018153,           0.0039062,            0.026671,            0.003961,            0.003961,            0.003961
                 185,            0.022058,           0.0047342,            0.028981,              0.6587,             0.56437,             0.57301,             0.45053,            0.017389,           0.0038762,            0.026815,            0.003928,            0.003928,            0.003928
                 186,            0.022225,           0.0044181,            0.029726,              0.6344,             0.56979,             0.57699,             0.44706,            0.017949,           0.0038955,             0.02643,            0.003895,            0.003895,            0.003895
                 187,            0.022282,           0.0043859,            0.028879,              0.6721,             0.56267,             0.57398,             0.44447,            0.017459,           0.0039132,            0.026672,            0.003862,            0.003862,            0.003862
                 188,            0.022068,           0.0042812,            0.029127,             0.68461,             0.56661,             0.58598,             0.45786,            0.017778,           0.0038251,            0.026071,            0.003829,            0.003829,            0.003829
                 189,            0.022339,           0.0042866,            0.028811,              0.6898,             0.58618,             0.58995,             0.45555,            0.017914,           0.0038281,            0.026047,            0.003796,            0.003796,            0.003796
                 190,            0.022225,           0.0043646,             0.02985,             0.66861,             0.57562,             0.57924,             0.45713,            0.017416,           0.0038526,            0.025891,            0.003763,            0.003763,            0.003763
                 191,            0.022243,           0.0042894,            0.028416,             0.74128,             0.56901,             0.59043,              0.4639,            0.018134,           0.0038781,            0.025886,             0.00373,             0.00373,             0.00373
                 192,            0.022225,           0.0042948,            0.028657,             0.65867,             0.59014,             0.59265,              0.4674,            0.018454,            0.003902,            0.025601,            0.003697,            0.003697,            0.003697
                 193,            0.022374,           0.0044105,            0.028887,             0.76026,             0.54579,             0.59359,             0.46287,            0.017306,            0.003821,             0.02556,            0.003664,            0.003664,            0.003664
                 194,            0.021957,            0.004548,            0.027664,             0.72429,             0.57283,              0.5922,              0.4611,            0.017643,           0.0039284,            0.025197,            0.003631,            0.003631,            0.003631
                 195,            0.021584,           0.0043379,            0.026576,             0.72106,             0.57567,             0.60614,             0.47388,             0.01723,           0.0038877,            0.025311,            0.003598,            0.003598,            0.003598
                 196,            0.021544,            0.004226,            0.026906,             0.78503,             0.54116,             0.61084,             0.47751,            0.017549,           0.0038175,            0.024486,            0.003565,            0.003565,            0.003565
                 197,            0.022678,           0.0043165,            0.027939,             0.76598,              0.5728,             0.60407,               0.474,            0.017987,           0.0038458,             0.02447,            0.003532,            0.003532,            0.003532
                 198,            0.021686,           0.0043023,            0.027734,               0.766,             0.55702,             0.61433,             0.47737,            0.017855,           0.0037743,            0.024284,            0.003499,            0.003499,            0.003499
                 199,            0.022051,           0.0044196,            0.026881,             0.78087,             0.57404,             0.61243,             0.46979,             0.01772,           0.0039034,            0.024325,            0.003466,            0.003466,            0.003466
                 200,            0.021454,            0.004361,            0.028229,             0.76984,              0.5584,             0.60344,             0.47119,            0.017511,           0.0038437,             0.02456,            0.003433,            0.003433,            0.003433
                 201,            0.021466,           0.0044951,            0.026818,             0.78618,             0.55662,             0.61655,             0.47463,            0.017536,             0.00386,            0.024098,              0.0034,              0.0034,              0.0034
                 202,            0.021387,           0.0044797,            0.026485,             0.74558,             0.58212,             0.61118,             0.47861,            0.017076,           0.0038458,             0.02404,            0.003367,            0.003367,            0.003367
                 203,            0.021891,            0.004362,            0.026002,             0.76652,             0.56252,             0.61971,             0.48438,            0.016953,           0.0037936,            0.023413,            0.003334,            0.003334,            0.003334
                 204,            0.021522,           0.0042408,            0.025929,              0.7527,             0.57339,             0.62185,             0.48619,            0.017414,           0.0037953,            0.023324,            0.003301,            0.003301,            0.003301
                 205,            0.021592,           0.0043936,            0.025709,              0.7496,             0.56751,             0.62711,             0.49234,            0.017648,           0.0039079,            0.023105,            0.003268,            0.003268,            0.003268
                 206,            0.021326,           0.0043287,            0.027171,             0.74373,             0.55927,             0.61977,             0.48819,            0.017476,           0.0038453,            0.023332,            0.003235,            0.003235,            0.003235
                 207,            0.020729,             0.00421,            0.026098,             0.80631,             0.54547,             0.61475,             0.48709,            0.017229,           0.0037883,            0.022902,            0.003202,            0.003202,            0.003202
                 208,            0.020929,           0.0042573,            0.025653,             0.80148,             0.54924,             0.61972,             0.48638,             0.01719,           0.0038641,            0.022523,            0.003169,            0.003169,            0.003169
                 209,             0.02137,           0.0043838,              0.0247,             0.73975,             0.57625,             0.62501,              0.4895,            0.017927,           0.0038353,            0.022537,            0.003136,            0.003136,            0.003136
                 210,            0.021772,           0.0044439,            0.024483,             0.71176,             0.59823,             0.63323,             0.50106,            0.017077,           0.0037776,            0.022577,            0.003103,            0.003103,            0.003103
                 211,            0.021092,           0.0043205,            0.024232,             0.73815,             0.57402,              0.6278,             0.48964,             0.01757,           0.0038389,            0.022232,             0.00307,             0.00307,             0.00307
                 212,            0.021325,           0.0044484,            0.026428,              0.7149,             0.61349,             0.63175,             0.49433,            0.017206,           0.0038528,            0.022143,            0.003037,            0.003037,            0.003037
                 213,            0.022658,           0.0041698,            0.025268,             0.73896,             0.60162,             0.63495,             0.49642,            0.017185,            0.003814,            0.022076,            0.003004,            0.003004,            0.003004
                 214,            0.021276,           0.0043516,            0.025007,             0.74215,             0.56899,             0.62991,              0.4993,            0.017146,           0.0037714,             0.02173,            0.002971,            0.002971,            0.002971
                 215,            0.021505,           0.0042302,            0.025533,             0.72381,             0.60467,             0.63518,             0.49581,            0.017304,           0.0037875,            0.021787,            0.002938,            0.002938,            0.002938
                 216,            0.021597,           0.0043756,            0.024444,             0.75037,             0.58351,             0.63821,             0.49463,            0.017501,           0.0038333,            0.021591,            0.002905,            0.002905,            0.002905
                 217,            0.020428,           0.0043434,            0.023939,             0.79914,             0.55178,             0.63839,             0.50118,            0.016916,           0.0037209,            0.021686,            0.002872,            0.002872,            0.002872
                 218,            0.021133,           0.0041003,            0.023692,             0.76795,             0.59026,             0.63665,             0.50653,            0.016533,           0.0037915,            0.020948,            0.002839,            0.002839,            0.002839
                 219,            0.020117,           0.0042563,            0.023555,             0.73963,              0.6002,             0.63538,             0.49841,            0.016969,           0.0037791,            0.021089,            0.002806,            0.002806,            0.002806
                 220,            0.020153,            0.004207,            0.023495,             0.78732,             0.57864,             0.64038,             0.50272,            0.016729,           0.0038211,            0.020777,            0.002773,            0.002773,            0.002773
                 221,            0.021534,           0.0042996,            0.024591,             0.77137,             0.59385,             0.63967,             0.50188,            0.017348,           0.0037895,            0.020742,             0.00274,             0.00274,             0.00274
                 222,             0.02005,           0.0041443,            0.022197,             0.73605,             0.58675,             0.63639,             0.50616,            0.016925,           0.0036904,             0.02073,            0.002707,            0.002707,            0.002707
                 223,             0.02045,           0.0042571,            0.023179,             0.73066,             0.58815,             0.64417,             0.51331,            0.016629,           0.0036436,            0.020227,            0.002674,            0.002674,            0.002674
                 224,            0.021078,            0.004362,            0.022342,             0.77599,             0.57565,             0.65194,             0.51173,            0.018074,           0.0037479,            0.020309,            0.002641,            0.002641,            0.002641
                 225,            0.021113,           0.0041776,            0.024715,             0.78379,             0.58195,             0.65072,             0.51277,            0.017317,           0.0037631,            0.020325,            0.002608,            0.002608,            0.002608
                 226,            0.021212,           0.0040563,            0.022414,             0.72328,             0.61097,             0.65083,             0.51207,             0.01726,           0.0037568,            0.020503,            0.002575,            0.002575,            0.002575
                 227,            0.020116,           0.0042148,            0.023239,             0.72184,             0.60614,             0.65381,             0.51277,            0.017274,           0.0037251,            0.020003,            0.002542,            0.002542,            0.002542
                 228,            0.020551,           0.0042965,            0.022945,             0.74867,             0.59925,              0.6535,             0.51881,            0.016786,           0.0037006,            0.019626,            0.002509,            0.002509,            0.002509
                 229,            0.020868,           0.0042794,            0.022178,             0.78791,             0.58235,             0.64963,             0.51599,            0.017283,           0.0036814,             0.01959,            0.002476,            0.002476,            0.002476
                 230,            0.021223,           0.0039695,            0.023343,             0.83759,             0.56321,             0.66092,             0.52492,            0.016853,           0.0037049,            0.019762,            0.002443,            0.002443,            0.002443
                 231,            0.020167,           0.0042734,             0.02314,             0.77547,             0.59853,             0.66012,             0.51883,              0.0166,           0.0037151,             0.01949,             0.00241,             0.00241,             0.00241
                 232,            0.019948,            0.004367,            0.023554,             0.75746,             0.60257,             0.66042,             0.52019,            0.016759,           0.0037123,             0.01922,            0.002377,            0.002377,            0.002377
                 233,            0.019537,            0.004117,            0.020868,             0.86098,             0.55243,             0.65647,             0.51909,            0.017014,           0.0036863,            0.019286,            0.002344,            0.002344,            0.002344
                 234,            0.019706,           0.0043761,            0.022137,             0.82384,             0.57443,             0.65212,             0.51712,             0.01676,            0.003702,            0.019102,            0.002311,            0.002311,            0.002311
                 235,            0.020259,           0.0040927,            0.020616,             0.73894,             0.61243,             0.65542,              0.5224,            0.016154,            0.003647,            0.019014,            0.002278,            0.002278,            0.002278
                 236,            0.019699,           0.0040058,            0.021307,             0.69237,             0.65926,             0.66031,             0.52233,            0.016496,           0.0037317,            0.018757,            0.002245,            0.002245,            0.002245
                 237,            0.019026,           0.0040932,            0.022616,             0.79658,             0.58659,             0.66229,             0.53121,            0.016447,           0.0037019,            0.018754,            0.002212,            0.002212,            0.002212
                 238,              0.0197,           0.0040689,            0.021027,             0.78779,             0.58505,             0.66136,             0.52942,            0.015829,           0.0036335,            0.018348,            0.002179,            0.002179,            0.002179
                 239,            0.019673,           0.0041045,            0.022331,             0.71341,             0.63725,             0.66363,             0.52807,            0.016373,           0.0036441,            0.018358,            0.002146,            0.002146,            0.002146
                 240,            0.019742,           0.0041266,             0.02173,             0.75958,             0.59381,             0.65547,             0.52399,            0.016108,            0.003664,             0.01849,            0.002113,            0.002113,            0.002113
                 241,            0.019679,           0.0040993,            0.021551,             0.70677,             0.64151,             0.65878,             0.52645,            0.016154,           0.0036783,            0.018265,             0.00208,             0.00208,             0.00208
                 242,            0.019531,           0.0040544,            0.020738,             0.71088,             0.63543,             0.66418,              0.5225,            0.016691,           0.0037098,            0.018227,            0.002047,            0.002047,            0.002047
                 243,            0.020103,           0.0042446,            0.019689,             0.77629,             0.59688,              0.6659,             0.53073,              0.0165,           0.0037485,            0.018269,            0.002014,            0.002014,            0.002014
                 244,            0.019419,           0.0040579,              0.0206,             0.71858,             0.64959,             0.67285,             0.53645,            0.016758,           0.0036446,            0.017957,            0.001981,            0.001981,            0.001981
                 245,             0.01887,           0.0039483,              0.0197,             0.71516,              0.6572,             0.66976,             0.53122,            0.016457,           0.0036357,            0.017791,            0.001948,            0.001948,            0.001948
                 246,            0.018971,           0.0040706,            0.019131,             0.73013,             0.67021,             0.66869,              0.5364,            0.016097,           0.0036312,            0.017728,            0.001915,            0.001915,            0.001915
                 247,            0.019067,           0.0039521,            0.019067,             0.71994,               0.645,             0.67426,             0.53935,            0.015931,            0.003595,            0.017615,            0.001882,            0.001882,            0.001882
                 248,            0.019236,           0.0039822,             0.02012,             0.74073,             0.63689,             0.67322,             0.53612,            0.016545,           0.0036649,            0.017427,            0.001849,            0.001849,            0.001849
                 249,            0.018806,            0.004061,             0.01867,             0.75475,             0.62592,             0.67297,              0.5356,            0.016041,           0.0037292,            0.017407,            0.001816,            0.001816,            0.001816
                 250,             0.01871,           0.0042095,            0.022173,             0.73896,             0.63437,             0.67025,             0.52952,            0.015639,           0.0036616,            0.017353,            0.001783,            0.001783,            0.001783
                 251,            0.018265,           0.0041309,            0.019407,             0.72452,             0.65458,              0.6739,             0.53774,             0.01589,           0.0036439,             0.01734,             0.00175,             0.00175,             0.00175
                 252,             0.01851,            0.003933,            0.017139,             0.68145,             0.67666,             0.67452,             0.54075,            0.015661,           0.0036439,            0.017101,            0.001717,            0.001717,            0.001717
                 253,            0.018387,           0.0042905,             0.01945,             0.69734,             0.67429,             0.67481,             0.53621,            0.016534,           0.0036723,             0.01685,            0.001684,            0.001684,            0.001684
                 254,            0.018555,           0.0038348,            0.018358,              0.6999,             0.67751,             0.67657,             0.53648,            0.016019,           0.0036838,            0.016789,            0.001651,            0.001651,            0.001651
                 255,            0.018076,           0.0039319,            0.020456,             0.71111,             0.67322,             0.67448,             0.54091,            0.015665,           0.0036063,            0.016718,            0.001618,            0.001618,            0.001618
                 256,            0.018866,           0.0040049,            0.020188,             0.73671,             0.64542,              0.6767,             0.54223,            0.016084,           0.0036523,            0.016661,            0.001585,            0.001585,            0.001585
                 257,            0.018803,           0.0039922,            0.019682,             0.70097,             0.65892,             0.67516,              0.5402,            0.015756,           0.0036535,            0.016659,            0.001552,            0.001552,            0.001552
                 258,            0.018544,           0.0038108,            0.018258,             0.69636,             0.66366,             0.67528,             0.53421,            0.016184,           0.0036537,            0.016643,            0.001519,            0.001519,            0.001519
                 259,            0.018396,           0.0038275,            0.018046,             0.70942,             0.65781,             0.68038,              0.5413,            0.016521,           0.0036422,            0.016474,            0.001486,            0.001486,            0.001486
                 260,            0.018138,           0.0039269,            0.018706,             0.72029,             0.67791,             0.68408,             0.54601,            0.015706,           0.0036174,            0.016452,            0.001453,            0.001453,            0.001453
                 261,            0.018143,           0.0038613,            0.018008,             0.70566,              0.6611,              0.6837,             0.54791,            0.015971,           0.0036398,            0.016238,             0.00142,             0.00142,             0.00142
                 262,            0.018379,           0.0040053,            0.019163,             0.70491,             0.68021,              0.6787,              0.5439,            0.015613,           0.0035915,            0.016271,            0.001387,            0.001387,            0.001387
                 263,            0.019091,           0.0039988,            0.019864,             0.71708,             0.66578,             0.68029,             0.54539,            0.015723,           0.0036188,             0.01612,            0.001354,            0.001354,            0.001354
                 264,            0.018056,           0.0038928,            0.016861,             0.72384,             0.66709,             0.67561,             0.53784,            0.015567,           0.0036281,            0.016119,            0.001321,            0.001321,            0.001321
                 265,            0.017941,           0.0038093,            0.018305,             0.72821,              0.6727,             0.67613,             0.54084,            0.015575,           0.0036293,             0.01605,            0.001288,            0.001288,            0.001288
                 266,            0.017019,           0.0039182,            0.018009,             0.72224,             0.68104,             0.67692,             0.54215,            0.015667,           0.0035907,            0.016159,            0.001255,            0.001255,            0.001255
                 267,            0.017351,           0.0039481,            0.018921,              0.7258,             0.65229,              0.6791,             0.54969,            0.015538,           0.0036051,            0.015868,            0.001222,            0.001222,            0.001222
                 268,            0.017671,           0.0038564,            0.019094,             0.71998,             0.67611,             0.68144,             0.54806,            0.015192,           0.0036157,            0.015821,            0.001189,            0.001189,            0.001189
                 269,            0.017786,           0.0039346,            0.019383,             0.70983,              0.6603,             0.68047,             0.54597,            0.015867,           0.0036336,            0.015745,            0.001156,            0.001156,            0.001156
                 270,            0.017539,           0.0039522,            0.018424,             0.74828,             0.64973,             0.68339,             0.55227,            0.015422,           0.0036067,            0.015599,            0.001123,            0.001123,            0.001123
                 271,            0.017334,           0.0037802,            0.017989,             0.72092,             0.69077,             0.68845,              0.5503,            0.015292,            0.003604,            0.015425,             0.00109,             0.00109,             0.00109
                 272,            0.017365,           0.0038882,            0.017567,             0.73653,             0.68317,             0.68903,             0.55422,            0.015474,           0.0036248,            0.015365,            0.001057,            0.001057,            0.001057
                 273,            0.017561,           0.0038284,            0.018721,             0.73769,             0.67564,             0.68601,              0.5539,            0.015184,           0.0036278,            0.015304,            0.001024,            0.001024,            0.001024
                 274,              0.0167,           0.0038865,            0.017067,             0.72961,             0.67972,             0.68628,             0.55494,            0.015113,           0.0036313,            0.015286,            0.000991,            0.000991,            0.000991
                 275,            0.017328,           0.0038514,            0.016336,             0.74405,             0.67714,             0.68994,             0.55751,            0.015091,            0.003585,            0.015182,            0.000958,            0.000958,            0.000958
                 276,            0.017151,           0.0038376,            0.019047,             0.73125,             0.68345,             0.68987,             0.55932,            0.015205,           0.0036104,            0.015061,            0.000925,            0.000925,            0.000925
                 277,            0.017216,           0.0038567,            0.018169,              0.7449,             0.68805,             0.69241,              0.5572,            0.015185,           0.0036108,             0.01505,            0.000892,            0.000892,            0.000892
                 278,            0.016658,           0.0039109,            0.017623,             0.72777,             0.69789,              0.6944,             0.55782,            0.015139,           0.0036355,            0.014954,            0.000859,            0.000859,            0.000859
                 279,             0.01696,           0.0038509,            0.017149,             0.73133,             0.69551,             0.69055,             0.55786,            0.015236,           0.0036213,            0.014949,            0.000826,            0.000826,            0.000826
                 280,            0.016879,           0.0036886,            0.018342,             0.72817,              0.6921,             0.68941,             0.55899,            0.015359,           0.0036093,            0.014866,            0.000793,            0.000793,            0.000793
                 281,            0.016813,           0.0038518,            0.017439,               0.733,             0.69914,             0.69482,              0.5583,            0.015146,           0.0036132,            0.014834,             0.00076,             0.00076,             0.00076
                 282,            0.017277,           0.0040408,             0.01874,             0.75049,             0.68905,             0.69508,             0.56179,            0.015181,            0.003606,            0.014768,            0.000727,            0.000727,            0.000727
                 283,              0.0165,           0.0038541,            0.016356,             0.72407,             0.69316,             0.69244,             0.56172,            0.014862,           0.0035869,            0.014707,            0.000694,            0.000694,            0.000694
                 284,            0.016212,           0.0040057,            0.017463,             0.73692,             0.67861,             0.69251,             0.56404,            0.014561,           0.0035645,            0.014712,            0.000661,            0.000661,            0.000661
                 285,            0.016581,           0.0036949,            0.016308,             0.74347,             0.68577,             0.69402,             0.56444,            0.014951,           0.0035715,            0.014664,            0.000628,            0.000628,            0.000628
                 286,            0.016526,            0.003712,            0.019634,             0.73555,             0.69349,             0.69289,             0.55875,            0.014714,           0.0035997,             0.01459,            0.000595,            0.000595,            0.000595
                 287,            0.015899,           0.0039163,            0.016765,             0.74118,             0.68058,             0.69207,             0.55931,            0.014675,           0.0036064,            0.014518,            0.000562,            0.000562,            0.000562
                 288,            0.015838,           0.0037297,            0.016761,             0.74261,             0.68562,             0.69083,             0.55756,            0.014611,           0.0035823,            0.014472,            0.000529,            0.000529,            0.000529
                 289,             0.01554,           0.0037671,            0.016881,             0.74256,             0.69067,             0.69102,             0.55782,            0.014758,           0.0035714,            0.014395,            0.000496,            0.000496,            0.000496
                 290,            0.016033,           0.0038264,            0.017452,             0.74218,             0.70004,              0.6916,             0.56063,            0.014867,           0.0035859,            0.014307,            0.000463,            0.000463,            0.000463
                 291,            0.016061,           0.0036919,            0.017661,             0.74325,              0.6985,              0.6937,             0.56136,             0.01483,            0.003595,            0.014261,             0.00043,             0.00043,             0.00043
                 292,            0.015392,           0.0034986,            0.016856,              0.7466,             0.69247,             0.69429,              0.5606,            0.014857,           0.0036161,            0.014251,            0.000397,            0.000397,            0.000397
                 293,            0.016055,           0.0036351,            0.016015,             0.74342,             0.68375,             0.69526,             0.56177,            0.014851,           0.0035943,            0.014213,            0.000364,            0.000364,            0.000364
                 294,            0.015535,           0.0036097,             0.01645,             0.74741,             0.68162,             0.69612,             0.56523,            0.014803,           0.0035775,            0.014143,            0.000331,            0.000331,            0.000331
                 295,            0.015261,           0.0038313,            0.016599,             0.73326,             0.70726,              0.6945,             0.56335,            0.014587,           0.0035839,            0.014073,            0.000298,            0.000298,            0.000298
                 296,            0.015876,           0.0036675,            0.015973,             0.72721,             0.70114,             0.69454,             0.56444,            0.014482,           0.0035791,            0.014047,            0.000265,            0.000265,            0.000265
                 297,            0.015271,           0.0037245,            0.017098,             0.73384,             0.70395,             0.69425,             0.56161,            0.014644,           0.0035885,            0.013977,            0.000232,            0.000232,            0.000232
                 298,            0.014744,           0.0036164,            0.016498,              0.7368,             0.70387,             0.69646,             0.56718,            0.014427,           0.0035781,            0.013965,            0.000199,            0.000199,            0.000199
                 299,            0.014911,           0.0037673,            0.016049,             0.73997,             0.69797,             0.69464,             0.56456,              0.0143,           0.0035703,            0.013976,            0.000166,            0.000166,            0.000166
